phase,contrast_id,block_index,retry_index,template,status,invalid_reason,attempt_ids,a_mean_log_ns,b_mean_log_ns,log_contrast,ratio
pilot,ref_linear_n64,1,0,ABBA,VALID,,pilot-ref_linear_n64-b01-r0-p1-A;pilot-ref_linear_n64-b01-r0-p2-B;pilot-ref_linear_n64-b01-r0-p3-B;pilot-ref_linear_n64-b01-r0-p4-A,4.418840607796598,6.031885741030033,1.6130451332334346,5.018068673251132
pilot,ref_linear_n64,2,0,BAAB,VALID,,pilot-ref_linear_n64-b02-r0-p1-B;pilot-ref_linear_n64-b02-r0-p2-A;pilot-ref_linear_n64-b02-r0-p3-A;pilot-ref_linear_n64-b02-r0-p4-B,4.418840607796598,6.171829154241369,1.7529885464447705,5.771826297351077
pilot,ref_linear_n64,3,0,BAAB,VALID,,pilot-ref_linear_n64-b03-r0-p1-B;pilot-ref_linear_n64-b03-r0-p2-A;pilot-ref_linear_n64-b03-r0-p3-A;pilot-ref_linear_n64-b03-r0-p4-B,4.418840607796598,6.079977702956493,1.6611370951598952,5.265294582747693
pilot,ref_linear_n64,4,0,ABBA,VALID,,pilot-ref_linear_n64-b04-r0-p1-A;pilot-ref_linear_n64-b04-r0-p2-B;pilot-ref_linear_n64-b04-r0-p3-B;pilot-ref_linear_n64-b04-r0-p4-A,4.084243208563341,6.081068215929673,1.9968250073663327,7.365633103841666
pilot,ref_linear_n512,1,0,BAAB,VALID,,pilot-ref_linear_n512-b01-r0-p1-B;pilot-ref_linear_n512-b01-r0-p2-A;pilot-ref_linear_n512-b01-r0-p3-A;pilot-ref_linear_n512-b01-r0-p4-B,6.182338837853406,9.3891006651174,3.2067618272639944,24.698977036846408
pilot,ref_linear_n512,2,0,ABBA,VALID,,pilot-ref_linear_n512-b02-r0-p1-A;pilot-ref_linear_n512-b02-r0-p2-B;pilot-ref_linear_n512-b02-r0-p3-B;pilot-ref_linear_n512-b02-r0-p4-A,5.926926025970411,9.367925910161624,3.4409998841912133,31.218157109818875
pilot,ref_linear_n512,3,0,ABBA,VALID,,pilot-ref_linear_n512-b03-r0-p1-A;pilot-ref_linear_n512-b03-r0-p2-B;pilot-ref_linear_n512-b03-r0-p3-B;pilot-ref_linear_n512-b03-r0-p4-A,6.86484777797086,9.375128018478431,2.510280240507571,12.308378883583588
pilot,ref_linear_n512,4,0,BAAB,VALID,,pilot-ref_linear_n512-b04-r0-p1-B;pilot-ref_linear_n512-b04-r0-p2-A;pilot-ref_linear_n512-b04-r0-p3-A;pilot-ref_linear_n512-b04-r0-p4-B,5.800124646570952,9.378590775796997,3.5784661292260456,35.81855765053848
pilot,ref_linear_n4096,1,0,BAAB,VALID,,pilot-ref_linear_n4096-b01-r0-p1-B;pilot-ref_linear_n4096-b01-r0-p2-A;pilot-ref_linear_n4096-b01-r0-p3-A;pilot-ref_linear_n4096-b01-r0-p4-B,7.590290641316269,13.405991496866688,5.8157008555504195,335.5264717053118
pilot,ref_linear_n4096,2,0,ABBA,VALID,,pilot-ref_linear_n4096-b02-r0-p1-A;pilot-ref_linear_n4096-b02-r0-p2-B;pilot-ref_linear_n4096-b02-r0-p3-B;pilot-ref_linear_n4096-b02-r0-p4-A,7.611048811175964,13.567504824159,5.956456012983036,386.2388702781835
pilot,ref_linear_n4096,3,0,BAAB,VALID,,pilot-ref_linear_n4096-b03-r0-p1-B;pilot-ref_linear_n4096-b03-r0-p2-A;pilot-ref_linear_n4096-b03-r0-p3-A;pilot-ref_linear_n4096-b03-r0-p4-B,8.118489041029003,13.406639325409579,5.288150284380576,197.97688557912403
pilot,ref_linear_n4096,4,0,ABBA,VALID,,pilot-ref_linear_n4096-b04-r0-p1-A;pilot-ref_linear_n4096-b04-r0-p2-B;pilot-ref_linear_n4096-b04-r0-p3-B;pilot-ref_linear_n4096-b04-r0-p4-A,8.125350807753172,13.4266506067659,5.301299799012728,200.5973768682203
pilot,blocked_linear_n4096_b16384,1,0,ABBA,VALID,,pilot-blocked_linear_n4096_b16384-b01-r0-p1-A;pilot-blocked_linear_n4096_b16384-b01-r0-p2-B;pilot-blocked_linear_n4096_b16384-b01-r0-p3-B;pilot-blocked_linear_n4096_b16384-b01-r0-p4-A,7.580189417944541,8.44311394695793,0.8629245290133882,2.3700819414797545
pilot,blocked_linear_n4096_b16384,2,0,ABBA,VALID,,pilot-blocked_linear_n4096_b16384-b02-r0-p1-A;pilot-blocked_linear_n4096_b16384-b02-r0-p2-B;pilot-blocked_linear_n4096_b16384-b02-r0-p3-B;pilot-blocked_linear_n4096_b16384-b02-r0-p4-A,7.590290641316269,8.448283223770146,0.8579925824538766,2.358421601724575
pilot,blocked_linear_n4096_b16384,3,0,BAAB,VALID,,pilot-blocked_linear_n4096_b16384-b03-r0-p1-B;pilot-blocked_linear_n4096_b16384-b03-r0-p2-A;pilot-blocked_linear_n4096_b16384-b03-r0-p3-A;pilot-blocked_linear_n4096_b16384-b03-r0-p4-B,7.610621632175714,8.443175801352764,0.8325541691770502,2.2991837512303306
pilot,blocked_linear_n4096_b16384,4,0,BAAB,VALID,,pilot-blocked_linear_n4096_b16384-b04-r0-p1-B;pilot-blocked_linear_n4096_b16384-b04-r0-p2-A;pilot-blocked_linear_n4096_b16384-b04-r0-p3-A;pilot-blocked_linear_n4096_b16384-b04-r0-p4-B,7.569097783068051,7.911244867137488,0.3421470840694374,1.4079673718557484
pilot,blocked_linear_n262144_b16384,1,0,BAAB,VALID,,pilot-blocked_linear_n262144_b16384-b01-r0-p1-B;pilot-blocked_linear_n262144_b16384-b01-r0-p2-A;pilot-blocked_linear_n262144_b16384-b01-r0-p3-A;pilot-blocked_linear_n262144_b16384-b01-r0-p4-B,12.432911930681518,12.834735325639542,0.4018233949580239,1.4945473647676069
pilot,blocked_linear_n262144_b16384,2,0,ABBA,VALID,,pilot-blocked_linear_n262144_b16384-b02-r0-p1-A;pilot-blocked_linear_n262144_b16384-b02-r0-p2-B;pilot-blocked_linear_n262144_b16384-b02-r0-p3-B;pilot-blocked_linear_n262144_b16384-b02-r0-p4-A,13.085852817161431,12.934808562115219,-0.15104425504621233,0.8598096469015631
pilot,blocked_linear_n262144_b16384,3,0,BAAB,VALID,,pilot-blocked_linear_n262144_b16384-b03-r0-p1-B;pilot-blocked_linear_n262144_b16384-b03-r0-p2-A;pilot-blocked_linear_n262144_b16384-b03-r0-p3-A;pilot-blocked_linear_n262144_b16384-b03-r0-p4-B,12.517614308806515,12.81692945923858,0.299315150432065,1.348934673837277
pilot,blocked_linear_n262144_b16384,4,0,ABBA,VALID,,pilot-blocked_linear_n262144_b16384-b04-r0-p1-A;pilot-blocked_linear_n262144_b16384-b04-r0-p2-B;pilot-blocked_linear_n262144_b16384-b04-r0-p3-B;pilot-blocked_linear_n262144_b16384-b04-r0-p4-A,12.481992470453676,12.834284542290014,0.35229207183633804,1.4223238838067438
pilot,blocked_linear_n4194304_b16384,1,0,ABBA,VALID,,pilot-blocked_linear_n4194304_b16384-b01-r0-p1-A;pilot-blocked_linear_n4194304_b16384-b01-r0-p2-B;pilot-blocked_linear_n4194304_b16384-b01-r0-p3-B;pilot-blocked_linear_n4194304_b16384-b01-r0-p4-A,15.239115950900292,15.724223722658254,0.4851077717579617,1.6243500584727038
pilot,blocked_linear_n4194304_b16384,2,0,ABBA,VALID,,pilot-blocked_linear_n4194304_b16384-b02-r0-p1-A;pilot-blocked_linear_n4194304_b16384-b02-r0-p2-B;pilot-blocked_linear_n4194304_b16384-b02-r0-p3-B;pilot-blocked_linear_n4194304_b16384-b02-r0-p4-A,15.564716506385217,15.699560832944002,0.13484432655878464,1.1443586242392556
pilot,blocked_linear_n4194304_b16384,3,0,BAAB,VALID,,pilot-blocked_linear_n4194304_b16384-b03-r0-p1-B;pilot-blocked_linear_n4194304_b16384-b03-r0-p2-A;pilot-blocked_linear_n4194304_b16384-b03-r0-p3-A;pilot-blocked_linear_n4194304_b16384-b03-r0-p4-B,15.668259231720642,15.837298877251826,0.16903964553118378,1.1841670849264558
pilot,blocked_linear_n4194304_b16384,4,0,BAAB,VALID,,pilot-blocked_linear_n4194304_b16384-b04-r0-p1-B;pilot-blocked_linear_n4194304_b16384-b04-r0-p2-A;pilot-blocked_linear_n4194304_b16384-b04-r0-p3-A;pilot-blocked_linear_n4194304_b16384-b04-r0-p4-B,15.230241221372069,15.730962500827536,0.5007212794554672,1.649910888452324
pilot,parallel2_linear_n262144,1,0,BAAB,VALID,,pilot-parallel2_linear_n262144-b01-r0-p1-B;pilot-parallel2_linear_n262144-b01-r0-p2-A;pilot-parallel2_linear_n262144-b01-r0-p3-A;pilot-parallel2_linear_n262144-b01-r0-p4-B,13.066980885954603,13.241607288795528,0.174626402840925,1.1908012535337194
pilot,parallel2_linear_n262144,2,0,BAAB,VALID,,pilot-parallel2_linear_n262144-b02-r0-p1-B;pilot-parallel2_linear_n262144-b02-r0-p2-A;pilot-parallel2_linear_n262144-b02-r0-p3-A;pilot-parallel2_linear_n262144-b02-r0-p4-B,12.522509724222203,13.242204450004175,0.7196947257819719,2.0538061408710044
pilot,parallel2_linear_n262144,3,0,ABBA,VALID,,pilot-parallel2_linear_n262144-b03-r0-p1-A;pilot-parallel2_linear_n262144-b03-r0-p2-B;pilot-parallel2_linear_n262144-b03-r0-p3-B;pilot-parallel2_linear_n262144-b03-r0-p4-A,13.040982559694797,13.038319544910845,-0.0026630147839519225,0.9973405278944851
pilot,parallel2_linear_n262144,4,0,ABBA,VALID,,pilot-parallel2_linear_n262144-b04-r0-p1-A;pilot-parallel2_linear_n262144-b04-r0-p2-B;pilot-parallel2_linear_n262144-b04-r0-p3-B;pilot-parallel2_linear_n262144-b04-r0-p4-A,12.835772433524477,12.948226921651566,0.11245448812708858,1.1190213269974119
pilot,parallel4_linear_n262144,1,0,ABBA,VALID,,pilot-parallel4_linear_n262144-b01-r0-p1-A;pilot-parallel4_linear_n262144-b01-r0-p2-B;pilot-parallel4_linear_n262144-b01-r0-p3-B;pilot-parallel4_linear_n262144-b01-r0-p4-A,13.138436733827472,12.7435100271856,-0.394926706641872,0.6737294173307686
pilot,parallel4_linear_n262144,2,0,BAAB,VALID,,pilot-parallel4_linear_n262144-b02-r0-p1-B;pilot-parallel4_linear_n262144-b02-r0-p2-A;pilot-parallel4_linear_n262144-b02-r0-p3-A;pilot-parallel4_linear_n262144-b02-r0-p4-B,13.134732014908142,12.754841337687857,-0.3798906772202848,0.6839361749292745
pilot,parallel4_linear_n262144,3,0,BAAB,VALID,,pilot-parallel4_linear_n262144-b03-r0-p1-B;pilot-parallel4_linear_n262144-b03-r0-p2-A;pilot-parallel4_linear_n262144-b03-r0-p3-A;pilot-parallel4_linear_n262144-b03-r0-p4-B,13.155631435623647,12.776352566285109,-0.37927886933853827,0.6843547404995092
pilot,parallel4_linear_n262144,4,0,ABBA,VALID,,pilot-parallel4_linear_n262144-b04-r0-p1-A;pilot-parallel4_linear_n262144-b04-r0-p2-B;pilot-parallel4_linear_n262144-b04-r0-p3-B;pilot-parallel4_linear_n262144-b04-r0-p4-A,12.483292128056213,12.783621973915485,0.300329845859272,1.3503041263535238
pilot,parallel8_linear_n262144,1,0,BAAB,VALID,,pilot-parallel8_linear_n262144-b01-r0-p1-B;pilot-parallel8_linear_n262144-b01-r0-p2-A;pilot-parallel8_linear_n262144-b01-r0-p3-A;pilot-parallel8_linear_n262144-b01-r0-p4-B,13.048565617614376,12.83043565207404,-0.21812996554033504,0.8040209398600003
pilot,parallel8_linear_n262144,2,0,ABBA,VALID,,pilot-parallel8_linear_n262144-b02-r0-p1-A;pilot-parallel8_linear_n262144-b02-r0-p2-B;pilot-parallel8_linear_n262144-b02-r0-p3-B;pilot-parallel8_linear_n262144-b02-r0-p4-A,13.142446629030722,12.834503559585098,-0.3079430694456242,0.7349571583365274
pilot,parallel8_linear_n262144,3,0,ABBA,VALID,,pilot-parallel8_linear_n262144-b03-r0-p1-A;pilot-parallel8_linear_n262144-b03-r0-p2-B;pilot-parallel8_linear_n262144-b03-r0-p3-B;pilot-parallel8_linear_n262144-b03-r0-p4-A,12.453137133759837,12.862372255607209,0.409235121847372,1.5056656937699466
pilot,parallel8_linear_n262144,4,0,BAAB,VALID,,pilot-parallel8_linear_n262144-b04-r0-p1-B;pilot-parallel8_linear_n262144-b04-r0-p2-A;pilot-parallel8_linear_n262144-b04-r0-p3-A;pilot-parallel8_linear_n262144-b04-r0-p4-B,12.969764619330512,12.837039653501009,-0.1327249658295031,0.8757059080389651
pilot,parallel2_linear_n4194304,1,0,ABBA,VALID,,pilot-parallel2_linear_n4194304-b01-r0-p1-A;pilot-parallel2_linear_n4194304-b01-r0-p2-B;pilot-parallel2_linear_n4194304-b01-r0-p3-B;pilot-parallel2_linear_n4194304-b01-r0-p4-A,15.39499802460595,15.421698510773517,0.026700486167566595,1.0270601379727953
pilot,parallel2_linear_n4194304,2,0,ABBA,VALID,,pilot-parallel2_linear_n4194304-b02-r0-p1-A;pilot-parallel2_linear_n4194304-b02-r0-p2-B;pilot-parallel2_linear_n4194304-b02-r0-p3-B;pilot-parallel2_linear_n4194304-b02-r0-p4-A,15.288678441040739,15.511158286983093,0.22247984594235426,1.2491706435397942
pilot,parallel2_linear_n4194304,3,0,BAAB,VALID,,pilot-parallel2_linear_n4194304-b03-r0-p1-B;pilot-parallel2_linear_n4194304-b03-r0-p2-A;pilot-parallel2_linear_n4194304-b03-r0-p3-A;pilot-parallel2_linear_n4194304-b03-r0-p4-B,15.283493169164249,15.445717595572273,0.1622244264080237,1.176124165025914
pilot,parallel2_linear_n4194304,4,0,BAAB,VALID,,pilot-parallel2_linear_n4194304-b04-r0-p1-B;pilot-parallel2_linear_n4194304-b04-r0-p2-A;pilot-parallel2_linear_n4194304-b04-r0-p3-A;pilot-parallel2_linear_n4194304-b04-r0-p4-B,15.495275248739377,15.598604381482286,0.10332913274290867,1.1088563099410844
pilot,parallel4_linear_n4194304,1,0,ABBA,VALID,,pilot-parallel4_linear_n4194304-b01-r0-p1-A;pilot-parallel4_linear_n4194304-b01-r0-p2-B;pilot-parallel4_linear_n4194304-b01-r0-p3-B;pilot-parallel4_linear_n4194304-b01-r0-p4-A,15.59835989941862,15.119567605773664,-0.4787922936449558,0.6195311518872345
pilot,parallel4_linear_n4194304,2,0,BAAB,VALID,,pilot-parallel4_linear_n4194304-b02-r0-p1-B;pilot-parallel4_linear_n4194304-b02-r0-p2-A;pilot-parallel4_linear_n4194304-b02-r0-p3-A;pilot-parallel4_linear_n4194304-b02-r0-p4-B,15.025501556286471,15.073314028555854,0.04781247226938312,1.048973925179203
pilot,parallel4_linear_n4194304,3,0,ABBA,VALID,,pilot-parallel4_linear_n4194304-b03-r0-p1-A;pilot-parallel4_linear_n4194304-b03-r0-p2-B;pilot-parallel4_linear_n4194304-b03-r0-p3-B;pilot-parallel4_linear_n4194304-b03-r0-p4-A,15.182340835025727,15.178666322734601,-0.0036745122911252537,0.9963322304678517
pilot,parallel4_linear_n4194304,4,0,BAAB,VALID,,pilot-parallel4_linear_n4194304-b04-r0-p1-B;pilot-parallel4_linear_n4194304-b04-r0-p2-A;pilot-parallel4_linear_n4194304-b04-r0-p3-A;pilot-parallel4_linear_n4194304-b04-r0-p4-B,15.440721164972004,15.2842340043567,-0.15648716061530443,0.8551424971359154
pilot,parallel8_linear_n4194304,1,0,BAAB,VALID,,pilot-parallel8_linear_n4194304-b01-r0-p1-B;pilot-parallel8_linear_n4194304-b01-r0-p2-A;pilot-parallel8_linear_n4194304-b01-r0-p3-A;pilot-parallel8_linear_n4194304-b01-r0-p4-B,15.719243185754866,15.042471950002112,-0.6767712357527547,0.5082553827624144
pilot,parallel8_linear_n4194304,2,0,BAAB,VALID,,pilot-parallel8_linear_n4194304-b02-r0-p1-B;pilot-parallel8_linear_n4194304-b02-r0-p2-A;pilot-parallel8_linear_n4194304-b02-r0-p3-A;pilot-parallel8_linear_n4194304-b02-r0-p4-B,15.461864694614167,14.941334830052151,-0.5205298645620164,0.5942056160434364
pilot,parallel8_linear_n4194304,3,0,ABBA,VALID,,pilot-parallel8_linear_n4194304-b03-r0-p1-A;pilot-parallel8_linear_n4194304-b03-r0-p2-B;pilot-parallel8_linear_n4194304-b03-r0-p3-B;pilot-parallel8_linear_n4194304-b03-r0-p4-A,14.953676023014086,15.014417623882313,0.06074160086822644,1.0626242975124893
pilot,parallel8_linear_n4194304,4,0,ABBA,VALID,,pilot-parallel8_linear_n4194304-b04-r0-p1-A;pilot-parallel8_linear_n4194304-b04-r0-p2-B;pilot-parallel8_linear_n4194304-b04-r0-p3-B;pilot-parallel8_linear_n4194304-b04-r0-p4-A,15.396194670998831,14.826109659219364,-0.5700850117794669,0.5654773644191284
main,ref_linear_n64,1,0,BAAB,VALID,,main-ref_linear_n64-b01-r0-p1-B;main-ref_linear_n64-b01-r0-p2-A;main-ref_linear_n64-b01-r0-p3-A;main-ref_linear_n64-b01-r0-p4-B,4.424828703319956,6.2110675927769154,1.7862388894569596,5.966967783758797
main,ref_linear_n64,2,0,BAAB,VALID,,main-ref_linear_n64-b02-r0-p1-B;main-ref_linear_n64-b02-r0-p2-A;main-ref_linear_n64-b02-r0-p3-A;main-ref_linear_n64-b02-r0-p4-B,4.078255113039983,6.1641761116192235,2.0859209985792404,8.052003951936221
main,ref_linear_n64,3,0,ABBA,VALID,,main-ref_linear_n64-b03-r0-p1-A;main-ref_linear_n64-b03-r0-p2-B;main-ref_linear_n64-b03-r0-p3-B;main-ref_linear_n64-b03-r0-p4-A,4.072194432773811,6.079977702956493,2.0077832701826823,7.446791512641709
main,ref_linear_n64,4,0,ABBA,VALID,,main-ref_linear_n64-b04-r0-p1-A;main-ref_linear_n64-b04-r0-p2-B;main-ref_linear_n64-b04-r0-p3-B;main-ref_linear_n64-b04-r0-p4-A,4.418840607796598,6.170738641268189,1.7518980334715906,5.7655354766291085
main,ref_linear_n64,5,0,ABBA,VALID,,main-ref_linear_n64-b05-r0-p1-A;main-ref_linear_n64-b05-r0-p2-B;main-ref_linear_n64-b05-r0-p3-B;main-ref_linear_n64-b05-r0-p4-A,4.424828703319956,6.212158105750095,1.7873294024301396,5.973478388841975
main,ref_linear_n64,6,0,ABBA,VALID,,main-ref_linear_n64-b06-r0-p1-A;main-ref_linear_n64-b06-r0-p2-B;main-ref_linear_n64-b06-r0-p3-B;main-ref_linear_n64-b06-r0-p4-A,4.084243208563341,6.171829154241369,2.087585945678028,8.065421279025873
main,ref_linear_n64,7,0,BAAB,VALID,,main-ref_linear_n64-b07-r0-p1-B;main-ref_linear_n64-b07-r0-p2-A;main-ref_linear_n64-b07-r0-p3-A;main-ref_linear_n64-b07-r0-p4-B,3.7256208424938384,6.031885741030033,2.3062648985361944,10.03686584338897
main,ref_linear_n64,8,0,BAAB,VALID,,main-ref_linear_n64-b08-r0-p1-B;main-ref_linear_n64-b08-r0-p2-A;main-ref_linear_n64-b08-r0-p3-A;main-ref_linear_n64-b08-r0-p4-B,4.430816798843313,6.210144231480333,1.7793274326370199,5.925869531572176
main,ref_linear_n64,9,0,BAAB,VALID,,main-ref_linear_n64-b09-r0-p1-B;main-ref_linear_n64-b09-r0-p2-A;main-ref_linear_n64-b09-r0-p3-A;main-ref_linear_n64-b09-r0-p4-B,4.084243208563341,6.122646679341727,2.0384034707783867,7.678340712665286
main,ref_linear_n64,10,0,BAAB,VALID,,main-ref_linear_n64-b10-r0-p1-B;main-ref_linear_n64-b10-r0-p2-A;main-ref_linear_n64-b10-r0-p3-A;main-ref_linear_n64-b10-r0-p4-B,4.418840607796598,6.211234744453513,1.792394136656915,6.003809213237082
main,ref_linear_n64,11,0,ABBA,VALID,,main-ref_linear_n64-b11-r0-p1-A;main-ref_linear_n64-b11-r0-p2-B;main-ref_linear_n64-b11-r0-p3-B;main-ref_linear_n64-b11-r0-p4-A,4.430816798843313,6.126869184114185,1.696052385270872,5.452380952380956
main,ref_linear_n64,12,0,ABBA,VALID,,main-ref_linear_n64-b12-r0-p1-A;main-ref_linear_n64-b12-r0-p2-B;main-ref_linear_n64-b12-r0-p3-B;main-ref_linear_n64-b12-r0-p4-A,4.430816798843313,6.171829154241369,1.7410123553980554,5.703114079525472
main,ref_linear_n512,1,0,ABBA,VALID,,main-ref_linear_n512-b01-r0-p1-A;main-ref_linear_n512-b01-r0-p2-B;main-ref_linear_n512-b01-r0-p3-B;main-ref_linear_n512-b01-r0-p4-A,5.808142489980444,9.378590775796997,3.5704482858165534,35.53251830583433
main,ref_linear_n512,2,0,ABBA,VALID,,main-ref_linear_n512-b02-r0-p1-A;main-ref_linear_n512-b02-r0-p2-B;main-ref_linear_n512-b02-r0-p3-B;main-ref_linear_n512-b02-r0-p4-A,5.978805643115837,9.401289750416495,3.422484107300658,30.645447124934847
main,ref_linear_n512,3,0,BAAB,VALID,,main-ref_linear_n512-b03-r0-p1-B;main-ref_linear_n512-b03-r0-p2-A;main-ref_linear_n512-b03-r0-p3-A;main-ref_linear_n512-b03-r0-p4-B,5.808142489980444,9.38046132606974,3.5723188360892966,35.59904586982095
main,ref_linear_n512,4,0,BAAB,VALID,,main-ref_linear_n512-b04-r0-p1-B;main-ref_linear_n512-b04-r0-p2-A;main-ref_linear_n512-b04-r0-p3-A;main-ref_linear_n512-b04-r0-p4-B,5.742448146124363,9.3609067038781,3.618458557753738,37.28005845271286
main,ref_linear_n512,5,0,BAAB,VALID,,main-ref_linear_n512-b05-r0-p1-B;main-ref_linear_n512-b05-r0-p2-A;main-ref_linear_n512-b05-r0-p3-A;main-ref_linear_n512-b05-r0-p4-B,5.926926025970411,9.360913230455557,3.4339872044851463,31.0
main,ref_linear_n512,6,0,BAAB,VALID,,main-ref_linear_n512-b06-r0-p1-B;main-ref_linear_n512-b06-r0-p2-A;main-ref_linear_n512-b06-r0-p3-A;main-ref_linear_n512-b06-r0-p4-B,5.867534257975427,9.404741724348082,3.5372074663726547,34.37080342570026
main,ref_linear_n512,7,0,ABBA,VALID,,main-ref_linear_n512-b07-r0-p1-A;main-ref_linear_n512-b07-r0-p2-B;main-ref_linear_n512-b07-r0-p3-B;main-ref_linear_n512-b07-r0-p4-A,5.926926025970411,9.36631633933629,3.4393903133658794,31.16794969195117
main,ref_linear_n512,8,0,BAAB,VALID,,main-ref_linear_n512-b08-r0-p1-B;main-ref_linear_n512-b08-r0-p2-A;main-ref_linear_n512-b08-r0-p3-A;main-ref_linear_n512-b08-r0-p4-B,5.920614355889622,9.380406964131145,3.459792608241523,31.810378620157017
main,ref_linear_n512,9,0,BAAB,VALID,,main-ref_linear_n512-b09-r0-p1-B;main-ref_linear_n512-b09-r0-p2-A;main-ref_linear_n512-b09-r0-p3-A;main-ref_linear_n512-b09-r0-p4-B,5.808142489980444,9.360913230455557,3.552770740475113,34.9099099099099
main,ref_linear_n512,10,0,ABBA,VALID,,main-ref_linear_n512-b10-r0-p1-A;main-ref_linear_n512-b10-r0-p2-B;main-ref_linear_n512-b10-r0-p3-B;main-ref_linear_n512-b10-r0-p4-A,5.920614355889622,9.351515302700701,3.4309009468110787,30.90447349762846
main,ref_linear_n512,11,0,ABBA,VALID,,main-ref_linear_n512-b11-r0-p1-A;main-ref_linear_n512-b11-r0-p2-B;main-ref_linear_n512-b11-r0-p3-B;main-ref_linear_n512-b11-r0-p4-A,5.869033509473556,9.385654723077348,3.516621213603792,33.6704707243958
main,ref_linear_n512,12,0,ABBA,VALID,,main-ref_linear_n512-b12-r0-p1-A;main-ref_linear_n512-b12-r0-p2-B;main-ref_linear_n512-b12-r0-p3-B;main-ref_linear_n512-b12-r0-p4-A,5.980006123884606,9.397735922437857,3.4177297985532507,30.50009500581445
main,ref_linear_n4096,1,0,BAAB,VALID,,main-ref_linear_n4096-b01-r0-p1-B;main-ref_linear_n4096-b01-r0-p2-A;main-ref_linear_n4096-b01-r0-p3-A;main-ref_linear_n4096-b01-r0-p4-B,7.590100870885127,13.426154751418697,5.836053880533569,342.42541944098286
main,ref_linear_n4096,2,0,ABBA,VALID,,main-ref_linear_n4096-b02-r0-p1-A;main-ref_linear_n4096-b02-r0-p2-B;main-ref_linear_n4096-b02-r0-p3-B;main-ref_linear_n4096-b02-r0-p4-A,7.611048811175964,13.421263193058024,5.81021438188206,333.69065523766847
main,ref_linear_n4096,3,0,ABBA,VALID,,main-ref_linear_n4096-b03-r0-p1-A;main-ref_linear_n4096-b03-r0-p2-B;main-ref_linear_n4096-b03-r0-p3-B;main-ref_linear_n4096-b03-r0-p4-A,7.611048811175964,13.451480605136744,5.84043179396078,343.92781456086567
main,ref_linear_n4096,4,0,BAAB,VALID,,main-ref_linear_n4096-b04-r0-p1-B;main-ref_linear_n4096-b04-r0-p2-A;main-ref_linear_n4096-b04-r0-p3-A;main-ref_linear_n4096-b04-r0-p4-B,7.600902459542082,13.430024456343943,5.829121996801861,340.05997421410865
main,ref_linear_n4096,5,0,BAAB,VALID,,main-ref_linear_n4096-b05-r0-p1-B;main-ref_linear_n4096-b05-r0-p2-A;main-ref_linear_n4096-b05-r0-p3-A;main-ref_linear_n4096-b05-r0-p4-B,7.6112937291333465,13.42240646919677,5.811112740063424,333.9905636602685
main,ref_linear_n4096,6,0,BAAB,VALID,,main-ref_linear_n4096-b06-r0-p1-B;main-ref_linear_n4096-b06-r0-p2-A;main-ref_linear_n4096-b06-r0-p3-A;main-ref_linear_n4096-b06-r0-p4-B,7.621233450401527,13.402150633231827,5.7809171828303,324.0562730065442
main,ref_linear_n4096,7,0,BAAB,VALID,,main-ref_linear_n4096-b07-r0-p1-B;main-ref_linear_n4096-b07-r0-p2-A;main-ref_linear_n4096-b07-r0-p3-A;main-ref_linear_n4096-b07-r0-p4-B,7.568633198973297,13.46332775271878,5.894694553745483,363.1059096186678
main,ref_linear_n4096,8,0,ABBA,VALID,,main-ref_linear_n4096-b08-r0-p1-A;main-ref_linear_n4096-b08-r0-p2-B;main-ref_linear_n4096-b08-r0-p3-B;main-ref_linear_n4096-b08-r0-p4-A,7.6112937291333465,13.402443929159112,5.791150200025766,327.3893711605837
main,ref_linear_n4096,9,0,BAAB,VALID,,main-ref_linear_n4096-b09-r0-p1-B;main-ref_linear_n4096-b09-r0-p2-A;main-ref_linear_n4096-b09-r0-p3-A;main-ref_linear_n4096-b09-r0-p4-B,7.579934120517498,13.41928150366653,5.839347383149033,343.55505766762616
main,ref_linear_n4096,10,0,ABBA,VALID,,main-ref_linear_n4096-b10-r0-p1-A;main-ref_linear_n4096-b10-r0-p2-B;main-ref_linear_n4096-b10-r0-p3-B;main-ref_linear_n4096-b10-r0-p4-A,7.599779699895889,13.424809764766039,5.82503006487015,338.6713150339769
main,ref_linear_n4096,11,0,ABBA,VALID,,main-ref_linear_n4096-b11-r0-p1-A;main-ref_linear_n4096-b11-r0-p2-B;main-ref_linear_n4096-b11-r0-p3-B;main-ref_linear_n4096-b11-r0-p4-A,7.579709601293864,13.422153677405632,5.842444076111768,344.62059116055724
main,ref_linear_n4096,12,0,ABBA,VALID,,main-ref_linear_n4096-b12-r0-p1-A;main-ref_linear_n4096-b12-r0-p2-B;main-ref_linear_n4096-b12-r0-p3-B;main-ref_linear_n4096-b12-r0-p4-A,7.610021912202081,13.415522585625116,5.805500673423035,332.1214360996845
main,blocked_linear_n4096_b16384,1,0,ABBA,VALID,,main-blocked_linear_n4096_b16384-b01-r0-p1-A;main-blocked_linear_n4096_b16384-b01-r0-p2-B;main-blocked_linear_n4096_b16384-b01-r0-p3-B;main-blocked_linear_n4096_b16384-b01-r0-p4-A,7.558276678174526,7.880336213564004,0.32205953538947796,1.3799669303803412
main,blocked_linear_n4096_b16384,2,0,BAAB,VALID,,main-blocked_linear_n4096_b16384-b02-r0-p1-B;main-blocked_linear_n4096_b16384-b02-r0-p2-A;main-blocked_linear_n4096_b16384-b02-r0-p3-A;main-blocked_linear_n4096_b16384-b02-r0-p4-B,7.569097783068051,7.888334500738654,0.319236717670603,1.3760770281033303
main,blocked_linear_n4096_b16384,3,0,ABBA,VALID,,main-blocked_linear_n4096_b16384-b03-r0-p1-A;main-blocked_linear_n4096_b16384-b03-r0-p2-B;main-blocked_linear_n4096_b16384-b03-r0-p3-B;main-blocked_linear_n4096_b16384-b03-r0-p4-A,7.579934120517498,7.90415023805863,0.3242161175411322,1.3829461537475833
main,blocked_linear_n4096_b16384,4,0,BAAB,VALID,,main-blocked_linear_n4096_b16384-b04-r0-p1-B;main-blocked_linear_n4096_b16384-b04-r0-p2-A;main-blocked_linear_n4096_b16384-b04-r0-p3-A;main-blocked_linear_n4096_b16384-b04-r0-p4-B,7.569097783068051,7.90415023805863,0.33505245499057956,1.3980137160954729
main,blocked_linear_n4096_b16384,5,0,BAAB,VALID,,main-blocked_linear_n4096_b16384-b05-r0-p1-B;main-blocked_linear_n4096_b16384-b05-r0-p2-A;main-blocked_linear_n4096_b16384-b05-r0-p3-A;main-blocked_linear_n4096_b16384-b05-r0-p4-B,7.600902459542082,7.880336213564004,0.2794337540219214,1.322380807483231
main,blocked_linear_n4096_b16384,6,0,ABBA,VALID,,main-blocked_linear_n4096_b16384-b06-r0-p1-A;main-blocked_linear_n4096_b16384-b06-r0-p2-B;main-blocked_linear_n4096_b16384-b06-r0-p3-B;main-blocked_linear_n4096_b16384-b06-r0-p4-A,7.600902459542082,7.857093864902493,0.2561914053604104,1.2920000000000005
main,blocked_linear_n4096_b16384,7,0,ABBA,VALID,,main-blocked_linear_n4096_b16384-b07-r0-p1-A;main-blocked_linear_n4096_b16384-b07-r0-p2-B;main-blocked_linear_n4096_b16384-b07-r0-p3-B;main-blocked_linear_n4096_b16384-b07-r0-p4-A,7.579934120517498,7.8965221831335555,0.31658806261605754,1.3724370973158957
main,blocked_linear_n4096_b16384,8,0,BAAB,VALID,,main-blocked_linear_n4096_b16384-b08-r0-p1-B;main-blocked_linear_n4096_b16384-b08-r0-p2-A;main-blocked_linear_n4096_b16384-b08-r0-p3-A;main-blocked_linear_n4096_b16384-b08-r0-p4-B,7.568633198973297,7.941799826893474,0.3731666279201775,1.4523263177858257
main,blocked_linear_n4096_b16384,9,0,BAAB,VALID,,main-blocked_linear_n4096_b16384-b09-r0-p1-B;main-blocked_linear_n4096_b16384-b09-r0-p2-A;main-blocked_linear_n4096_b16384-b09-r0-p3-A;main-blocked_linear_n4096_b16384-b09-r0-p4-B,7.579678823090456,7.919239548957215,0.3395607258667592,1.4043305689592374
main,blocked_linear_n4096_b16384,10,0,ABBA,VALID,,main-blocked_linear_n4096_b16384-b10-r0-p1-A;main-blocked_linear_n4096_b16384-b10-r0-p2-B;main-blocked_linear_n4096_b16384-b10-r0-p3-B;main-blocked_linear_n4096_b16384-b10-r0-p4-A,7.579448709036444,7.888709524182015,0.3092608151455707,1.3624176633297223
main,blocked_linear_n4096_b16384,11,0,ABBA,VALID,,main-blocked_linear_n4096_b16384-b11-r0-p1-A;main-blocked_linear_n4096_b16384-b11-r0-p2-B;main-blocked_linear_n4096_b16384-b11-r0-p3-B;main-blocked_linear_n4096_b16384-b11-r0-p4-A,7.579934120517498,7.888522012460334,0.3085878919428362,1.361501169271895
main,blocked_linear_n4096_b16384,12,0,BAAB,VALID,,main-blocked_linear_n4096_b16384-b12-r0-p1-B;main-blocked_linear_n4096_b16384-b12-r0-p2-A;main-blocked_linear_n4096_b16384-b12-r0-p3-A;main-blocked_linear_n4096_b16384-b12-r0-p4-B,7.600681910907533,7.888400904528945,0.28771899362141173,1.3333825624683007
main,blocked_linear_n262144_b16384,1,0,BAAB,VALID,,main-blocked_linear_n262144_b16384-b01-r0-p1-B;main-blocked_linear_n262144_b16384-b01-r0-p2-A;main-blocked_linear_n262144_b16384-b01-r0-p3-A;main-blocked_linear_n262144_b16384-b01-r0-p4-B,12.509192878667575,12.863802700888467,0.3546098222208922,1.425624298827012
main,blocked_linear_n262144_b16384,2,0,BAAB,VALID,,main-blocked_linear_n262144_b16384-b02-r0-p1-B;main-blocked_linear_n262144_b16384-b02-r0-p2-A;main-blocked_linear_n262144_b16384-b02-r0-p3-A;main-blocked_linear_n262144_b16384-b02-r0-p4-B,13.144622840583716,12.77820900903904,-0.3664138315446763,0.6932158672495508
main,blocked_linear_n262144_b16384,3,0,ABBA,VALID,,main-blocked_linear_n262144_b16384-b03-r0-p1-A;main-blocked_linear_n262144_b16384-b03-r0-p2-B;main-blocked_linear_n262144_b16384-b03-r0-p3-B;main-blocked_linear_n262144_b16384-b03-r0-p4-A,13.042303205260858,12.816004031749483,-0.22629917351137507,0.7974794812363472
main,blocked_linear_n262144_b16384,4,0,ABBA,VALID,,main-blocked_linear_n262144_b16384-b04-r0-p1-A;main-blocked_linear_n262144_b16384-b04-r0-p2-B;main-blocked_linear_n262144_b16384-b04-r0-p3-B;main-blocked_linear_n262144_b16384-b04-r0-p4-A,13.135964535046554,12.832864722702293,-0.30309981234426076,0.7385253787422308
main,blocked_linear_n262144_b16384,5,0,ABBA,VALID,,main-blocked_linear_n262144_b16384-b05-r0-p1-A;main-blocked_linear_n262144_b16384-b05-r0-p2-B;main-blocked_linear_n262144_b16384-b05-r0-p3-B;main-blocked_linear_n262144_b16384-b05-r0-p4-A,12.475152214718172,12.798144781477284,0.3229925667591118,1.3812550836657056
main,blocked_linear_n262144_b16384,6,0,ABBA,VALID,,main-blocked_linear_n262144_b16384-b06-r0-p1-A;main-blocked_linear_n262144_b16384-b06-r0-p2-B;main-blocked_linear_n262144_b16384-b06-r0-p3-B;main-blocked_linear_n262144_b16384-b06-r0-p4-A,12.584651571265972,12.813572925176079,0.22892135391010626,1.2572431578631706
main,blocked_linear_n262144_b16384,7,0,BAAB,VALID,,main-blocked_linear_n262144_b16384-b07-r0-p1-B;main-blocked_linear_n262144_b16384-b07-r0-p2-A;main-blocked_linear_n262144_b16384-b07-r0-p3-A;main-blocked_linear_n262144_b16384-b07-r0-p4-B,13.086564600611709,13.027504507178373,-0.05906009343333629,0.9426501203728388
main,blocked_linear_n262144_b16384,8,0,BAAB,VALID,,main-blocked_linear_n262144_b16384-b08-r0-p1-B;main-blocked_linear_n262144_b16384-b08-r0-p2-A;main-blocked_linear_n262144_b16384-b08-r0-p3-A;main-blocked_linear_n262144_b16384-b08-r0-p4-B,12.283952787389975,12.837556975350623,0.5536041879606479,1.7395112586906312
main,blocked_linear_n262144_b16384,9,0,ABBA,VALID,,main-blocked_linear_n262144_b16384-b09-r0-p1-A;main-blocked_linear_n262144_b16384-b09-r0-p2-B;main-blocked_linear_n262144_b16384-b09-r0-p3-B;main-blocked_linear_n262144_b16384-b09-r0-p4-A,12.530184610996805,12.816583006416614,0.28639839541980905,1.3316228620386084
main,blocked_linear_n262144_b16384,10,0,BAAB,VALID,,main-blocked_linear_n262144_b16384-b10-r0-p1-B;main-blocked_linear_n262144_b16384-b10-r0-p2-A;main-blocked_linear_n262144_b16384-b10-r0-p3-A;main-blocked_linear_n262144_b16384-b10-r0-p4-B,13.008010907307288,12.831070862308698,-0.17694004499858984,0.837830015116929
main,blocked_linear_n262144_b16384,11,0,ABBA,VALID,,main-blocked_linear_n262144_b16384-b11-r0-p1-A;main-blocked_linear_n262144_b16384-b11-r0-p2-B;main-blocked_linear_n262144_b16384-b11-r0-p3-B;main-blocked_linear_n262144_b16384-b11-r0-p4-A,13.131839211078393,12.879547526051644,-0.2522916850267496,0.7770180604775684
main,blocked_linear_n262144_b16384,12,0,BAAB,VALID,,main-blocked_linear_n262144_b16384-b12-r0-p1-B;main-blocked_linear_n262144_b16384-b12-r0-p2-A;main-blocked_linear_n262144_b16384-b12-r0-p3-A;main-blocked_linear_n262144_b16384-b12-r0-p4-B,12.244276405650282,12.842813151407427,0.5985367457571442,1.8194545270548574
main,blocked_linear_n4194304_b16384,1,0,BAAB,VALID,,main-blocked_linear_n4194304_b16384-b01-r0-p1-B;main-blocked_linear_n4194304_b16384-b01-r0-p2-A;main-blocked_linear_n4194304_b16384-b01-r0-p3-A;main-blocked_linear_n4194304_b16384-b01-r0-p4-B,15.460506173094355,15.811489542169273,0.35098336907491756,1.420463702090341
main,blocked_linear_n4194304_b16384,2,0,BAAB,VALID,,main-blocked_linear_n4194304_b16384-b02-r0-p1-B;main-blocked_linear_n4194304_b16384-b02-r0-p2-A;main-blocked_linear_n4194304_b16384-b02-r0-p3-A;main-blocked_linear_n4194304_b16384-b02-r0-p4-B,15.420494191627563,15.696302865887088,0.27580867425952427,1.3175957499276114
main,blocked_linear_n4194304_b16384,3,0,ABBA,VALID,,main-blocked_linear_n4194304_b16384-b03-r0-p1-A;main-blocked_linear_n4194304_b16384-b03-r0-p2-B;main-blocked_linear_n4194304_b16384-b03-r0-p3-B;main-blocked_linear_n4194304_b16384-b03-r0-p4-A,15.497386898361341,15.745899429450049,0.24851253108870708,1.28211688858911
main,blocked_linear_n4194304_b16384,4,0,ABBA,VALID,,main-blocked_linear_n4194304_b16384-b04-r0-p1-A;main-blocked_linear_n4194304_b16384-b04-r0-p2-B;main-blocked_linear_n4194304_b16384-b04-r0-p3-B;main-blocked_linear_n4194304_b16384-b04-r0-p4-A,15.520689751334146,15.710055106821876,0.18936535548773037,1.2084823975115657
main,blocked_linear_n4194304_b16384,5,0,ABBA,VALID,,main-blocked_linear_n4194304_b16384-b05-r0-p1-A;main-blocked_linear_n4194304_b16384-b05-r0-p2-B;main-blocked_linear_n4194304_b16384-b05-r0-p3-B;main-blocked_linear_n4194304_b16384-b05-r0-p4-A,15.741468100474016,15.710247039833316,-0.03122106064069996,0.969261283871026
main,blocked_linear_n4194304_b16384,6,0,BAAB,VALID,,main-blocked_linear_n4194304_b16384-b06-r0-p1-B;main-blocked_linear_n4194304_b16384-b06-r0-p2-A;main-blocked_linear_n4194304_b16384-b06-r0-p3-A;main-blocked_linear_n4194304_b16384-b06-r0-p4-B,15.588390120854594,15.683826230323028,0.09543610946843373,1.1001385313529402
main,blocked_linear_n4194304_b16384,7,0,ABBA,VALID,,main-blocked_linear_n4194304_b16384-b07-r0-p1-A;main-blocked_linear_n4194304_b16384-b07-r0-p2-B;main-blocked_linear_n4194304_b16384-b07-r0-p3-B;main-blocked_linear_n4194304_b16384-b07-r0-p4-A,15.35279635261725,15.748620145021626,0.39582379240437504,1.4856075191576412
main,blocked_linear_n4194304_b16384,8,0,BAAB,VALID,,main-blocked_linear_n4194304_b16384-b08-r0-p1-B;main-blocked_linear_n4194304_b16384-b08-r0-p2-A;main-blocked_linear_n4194304_b16384-b08-r0-p3-A;main-blocked_linear_n4194304_b16384-b08-r0-p4-B,15.071810863894498,15.69614928946718,0.6243384255726809,1.8670103824403175
main,blocked_linear_n4194304_b16384,9,0,BAAB,VALID,,main-blocked_linear_n4194304_b16384-b09-r0-p1-B;main-blocked_linear_n4194304_b16384-b09-r0-p2-A;main-blocked_linear_n4194304_b16384-b09-r0-p3-A;main-blocked_linear_n4194304_b16384-b09-r0-p4-B,15.618506536328773,15.747174865298422,0.12866832896964908,1.1373128478792953
main,blocked_linear_n4194304_b16384,10,0,BAAB,VALID,,main-blocked_linear_n4194304_b16384-b10-r0-p1-B;main-blocked_linear_n4194304_b16384-b10-r0-p2-A;main-blocked_linear_n4194304_b16384-b10-r0-p3-A;main-blocked_linear_n4194304_b16384-b10-r0-p4-B,15.434214660099487,15.663922100219494,0.22970744012000743,1.258231847918957
main,blocked_linear_n4194304_b16384,11,0,ABBA,VALID,,main-blocked_linear_n4194304_b16384-b11-r0-p1-A;main-blocked_linear_n4194304_b16384-b11-r0-p2-B;main-blocked_linear_n4194304_b16384-b11-r0-p3-B;main-blocked_linear_n4194304_b16384-b11-r0-p4-A,15.386039017550008,15.830089850349232,0.4440508327992241,1.559009732436447
main,blocked_linear_n4194304_b16384,12,0,ABBA,VALID,,main-blocked_linear_n4194304_b16384-b12-r0-p1-A;main-blocked_linear_n4194304_b16384-b12-r0-p2-B;main-blocked_linear_n4194304_b16384-b12-r0-p3-B;main-blocked_linear_n4194304_b16384-b12-r0-p4-A,15.258823850623099,15.673171171467626,0.4143473208445272,1.513382664959234
main,parallel2_linear_n262144,1,0,BAAB,VALID,,main-parallel2_linear_n262144-b01-r0-p1-B;main-parallel2_linear_n262144-b01-r0-p2-A;main-parallel2_linear_n262144-b01-r0-p3-A;main-parallel2_linear_n262144-b01-r0-p4-B,12.266298918013124,13.274296759264693,1.0079978412515693,2.7401093853167207
main,parallel2_linear_n262144,2,0,ABBA,VALID,,main-parallel2_linear_n262144-b02-r0-p1-A;main-parallel2_linear_n262144-b02-r0-p2-B;main-parallel2_linear_n262144-b02-r0-p3-B;main-parallel2_linear_n262144-b02-r0-p4-A,13.12113503976978,13.135964479819476,0.014829440049696885,1.0149399417461997
main,parallel2_linear_n262144,3,0,BAAB,VALID,,main-parallel2_linear_n262144-b03-r0-p1-B;main-parallel2_linear_n262144-b03-r0-p2-A;main-parallel2_linear_n262144-b03-r0-p3-A;main-parallel2_linear_n262144-b03-r0-p4-B,13.14119357952951,13.042460517671522,-0.09873306185798825,0.9059845175718289
main,parallel2_linear_n262144,4,0,BAAB,VALID,,main-parallel2_linear_n262144-b04-r0-p1-B;main-parallel2_linear_n262144-b04-r0-p2-A;main-parallel2_linear_n262144-b04-r0-p3-A;main-parallel2_linear_n262144-b04-r0-p4-B,13.022185741054201,12.966867248741348,-0.05531849231285335,0.946183747709009
main,parallel2_linear_n262144,5,0,ABBA,VALID,,main-parallel2_linear_n262144-b05-r0-p1-A;main-parallel2_linear_n262144-b05-r0-p2-B;main-parallel2_linear_n262144-b05-r0-p3-B;main-parallel2_linear_n262144-b05-r0-p4-A,12.479739782719633,13.069813981615715,0.5900741988960814,1.8041222743128535
main,parallel2_linear_n262144,6,0,ABBA,VALID,,main-parallel2_linear_n262144-b06-r0-p1-A;main-parallel2_linear_n262144-b06-r0-p2-B;main-parallel2_linear_n262144-b06-r0-p3-B;main-parallel2_linear_n262144-b06-r0-p4-A,12.500861430874796,13.389496275382925,0.8886348445081289,2.431807588754885
main,parallel2_linear_n262144,7,0,BAAB,VALID,,main-parallel2_linear_n262144-b07-r0-p1-B;main-parallel2_linear_n262144-b07-r0-p2-A;main-parallel2_linear_n262144-b07-r0-p3-A;main-parallel2_linear_n262144-b07-r0-p4-B,12.946562190294852,13.379190710445833,0.4326285201509812,1.5413035511291493
main,parallel2_linear_n262144,8,0,ABBA,VALID,,main-parallel2_linear_n262144-b08-r0-p1-A;main-parallel2_linear_n262144-b08-r0-p2-B;main-parallel2_linear_n262144-b08-r0-p3-B;main-parallel2_linear_n262144-b08-r0-p4-A,12.511511750471243,13.216834657775435,0.7053229073041916,2.0245003053231945
main,parallel2_linear_n262144,9,0,BAAB,VALID,,main-parallel2_linear_n262144-b09-r0-p1-B;main-parallel2_linear_n262144-b09-r0-p2-A;main-parallel2_linear_n262144-b09-r0-p3-A;main-parallel2_linear_n262144-b09-r0-p4-B,13.07595046696376,13.015499842836398,-0.06045062412736257,0.9413402473671042
main,parallel2_linear_n262144,10,0,ABBA,VALID,,main-parallel2_linear_n262144-b10-r0-p1-A;main-parallel2_linear_n262144-b10-r0-p2-B;main-parallel2_linear_n262144-b10-r0-p3-B;main-parallel2_linear_n262144-b10-r0-p4-A,12.80677892913722,13.073878457960095,0.26709952882287524,1.3061704414679294
main,parallel2_linear_n262144,11,0,BAAB,VALID,,main-parallel2_linear_n262144-b11-r0-p1-B;main-parallel2_linear_n262144-b11-r0-p2-A;main-parallel2_linear_n262144-b11-r0-p3-A;main-parallel2_linear_n262144-b11-r0-p4-B,12.477732816813274,13.384679901131175,0.9069470843179008,2.476749671699127
main,parallel2_linear_n262144,12,0,ABBA,VALID,,main-parallel2_linear_n262144-b12-r0-p1-A;main-parallel2_linear_n262144-b12-r0-p2-B;main-parallel2_linear_n262144-b12-r0-p3-B;main-parallel2_linear_n262144-b12-r0-p4-A,12.474883026073533,13.40046957086982,0.9255865447962872,2.5233478829532294
main,parallel4_linear_n262144,1,0,BAAB,VALID,,main-parallel4_linear_n262144-b01-r0-p1-B;main-parallel4_linear_n262144-b01-r0-p2-A;main-parallel4_linear_n262144-b01-r0-p3-A;main-parallel4_linear_n262144-b01-r0-p4-B,12.531627384858123,13.054521026739051,0.5228936418809287,1.6869018840942642
main,parallel4_linear_n262144,2,0,BAAB,VALID,,main-parallel4_linear_n262144-b02-r0-p1-B;main-parallel4_linear_n262144-b02-r0-p2-A;main-parallel4_linear_n262144-b02-r0-p3-A;main-parallel4_linear_n262144-b02-r0-p4-B,12.519373890755393,12.952551863487773,0.43317797273238057,1.5421506570449919
main,parallel4_linear_n262144,3,0,ABBA,VALID,,main-parallel4_linear_n262144-b03-r0-p1-A;main-parallel4_linear_n262144-b03-r0-p2-B;main-parallel4_linear_n262144-b03-r0-p3-B;main-parallel4_linear_n262144-b03-r0-p4-A,13.128829171342865,13.081906264964484,-0.0469229063783807,0.9541609544785398
main,parallel4_linear_n262144,4,0,ABBA,VALID,,main-parallel4_linear_n262144-b04-r0-p1-A;main-parallel4_linear_n262144-b04-r0-p2-B;main-parallel4_linear_n262144-b04-r0-p3-B;main-parallel4_linear_n262144-b04-r0-p4-A,11.960045621141429,12.908695998489812,0.9486503773483825,2.5822222808409694
main,parallel4_linear_n262144,5,0,ABBA,VALID,,main-parallel4_linear_n262144-b05-r0-p1-A;main-parallel4_linear_n262144-b05-r0-p2-B;main-parallel4_linear_n262144-b05-r0-p3-B;main-parallel4_linear_n262144-b05-r0-p4-A,13.049508359322648,12.791053419708723,-0.25845493961392485,0.7722438278702278
main,parallel4_linear_n262144,6,0,BAAB,VALID,,main-parallel4_linear_n262144-b06-r0-p1-B;main-parallel4_linear_n262144-b06-r0-p2-A;main-parallel4_linear_n262144-b06-r0-p3-A;main-parallel4_linear_n262144-b06-r0-p4-B,13.069573732610781,12.941694908137599,-0.1278788244731821,0.8799600023013123
main,parallel4_linear_n262144,7,0,ABBA,VALID,,main-parallel4_linear_n262144-b07-r0-p1-A;main-parallel4_linear_n262144-b07-r0-p2-B;main-parallel4_linear_n262144-b07-r0-p3-B;main-parallel4_linear_n262144-b07-r0-p4-A,13.16434402766128,13.26266896484979,0.09832493718851154,1.1033212369689498
main,parallel4_linear_n262144,8,0,BAAB,VALID,,main-parallel4_linear_n262144-b08-r0-p1-B;main-parallel4_linear_n262144-b08-r0-p2-A;main-parallel4_linear_n262144-b08-r0-p3-A;main-parallel4_linear_n262144-b08-r0-p4-B,12.636563419401547,13.076788133875443,0.4402247144738958,1.5530561735032082
main,parallel4_linear_n262144,9,0,ABBA,VALID,,main-parallel4_linear_n262144-b09-r0-p1-A;main-parallel4_linear_n262144-b09-r0-p2-B;main-parallel4_linear_n262144-b09-r0-p3-B;main-parallel4_linear_n262144-b09-r0-p4-A,12.750083271083287,12.826737352796107,0.07665408171281918,1.0796685346986277
main,parallel4_linear_n262144,10,0,BAAB,VALID,,main-parallel4_linear_n262144-b10-r0-p1-B;main-parallel4_linear_n262144-b10-r0-p2-A;main-parallel4_linear_n262144-b10-r0-p3-A;main-parallel4_linear_n262144-b10-r0-p4-B,12.637519496855457,12.962449843249075,0.32493034639361795,1.3839342466122364
main,parallel4_linear_n262144,11,0,BAAB,VALID,,main-parallel4_linear_n262144-b11-r0-p1-B;main-parallel4_linear_n262144-b11-r0-p2-A;main-parallel4_linear_n262144-b11-r0-p3-A;main-parallel4_linear_n262144-b11-r0-p4-B,12.449874107100927,13.08525158329352,0.635377476192593,1.8877345818482176
main,parallel4_linear_n262144,12,0,ABBA,VALID,,main-parallel4_linear_n262144-b12-r0-p1-A;main-parallel4_linear_n262144-b12-r0-p2-B;main-parallel4_linear_n262144-b12-r0-p3-B;main-parallel4_linear_n262144-b12-r0-p4-A,12.808373874076683,12.888768846828928,0.08039497275224505,1.083715021058949
main,parallel8_linear_n262144,1,0,ABBA,VALID,,main-parallel8_linear_n262144-b01-r0-p1-A;main-parallel8_linear_n262144-b01-r0-p2-B;main-parallel8_linear_n262144-b01-r0-p3-B;main-parallel8_linear_n262144-b01-r0-p4-A,12.477002235052137,13.297174560189081,0.8201723251369444,2.2708911354421053
main,parallel8_linear_n262144,2,0,ABBA,VALID,,main-parallel8_linear_n262144-b02-r0-p1-A;main-parallel8_linear_n262144-b02-r0-p2-B;main-parallel8_linear_n262144-b02-r0-p3-B;main-parallel8_linear_n262144-b02-r0-p4-A,13.164403600302169,13.030934048833867,-0.13346955146830197,0.8750541126848713
main,parallel8_linear_n262144,3,0,BAAB,VALID,,main-parallel8_linear_n262144-b03-r0-p1-B;main-parallel8_linear_n262144-b03-r0-p2-A;main-parallel8_linear_n262144-b03-r0-p3-A;main-parallel8_linear_n262144-b03-r0-p4-B,13.122110745091991,13.208983737478036,0.08687299238604496,1.090758136332134
main,parallel8_linear_n262144,4,0,BAAB,VALID,,main-parallel8_linear_n262144-b04-r0-p1-B;main-parallel8_linear_n262144-b04-r0-p2-A;main-parallel8_linear_n262144-b04-r0-p3-A;main-parallel8_linear_n262144-b04-r0-p4-B,12.445315884341678,12.944439265275793,0.49912338093411535,1.647276603503821
main,parallel8_linear_n262144,5,0,BAAB,VALID,,main-parallel8_linear_n262144-b05-r0-p1-B;main-parallel8_linear_n262144-b05-r0-p2-A;main-parallel8_linear_n262144-b05-r0-p3-A;main-parallel8_linear_n262144-b05-r0-p4-B,12.876583660182037,13.485236839230566,0.6086531790485292,1.8379543356686971
main,parallel8_linear_n262144,6,0,BAAB,VALID,,main-parallel8_linear_n262144-b06-r0-p1-B;main-parallel8_linear_n262144-b06-r0-p2-A;main-parallel8_linear_n262144-b06-r0-p3-A;main-parallel8_linear_n262144-b06-r0-p4-B,12.521023520560274,13.605895159578058,1.0848716390177842,2.9590599665171733
main,parallel8_linear_n262144,7,0,BAAB,VALID,,main-parallel8_linear_n262144-b07-r0-p1-B;main-parallel8_linear_n262144-b07-r0-p2-A;main-parallel8_linear_n262144-b07-r0-p3-A;main-parallel8_linear_n262144-b07-r0-p4-B,12.724586002175911,13.175651206890358,0.4510652047144461,1.5699836490912848
main,parallel8_linear_n262144,8,0,BAAB,VALID,,main-parallel8_linear_n262144-b08-r0-p1-B;main-parallel8_linear_n262144-b08-r0-p2-A;main-parallel8_linear_n262144-b08-r0-p3-A;main-parallel8_linear_n262144-b08-r0-p4-B,12.316667843103133,13.076984187463562,0.7603163443604295,2.138952759124161
main,parallel8_linear_n262144,9,0,ABBA,VALID,,main-parallel8_linear_n262144-b09-r0-p1-A;main-parallel8_linear_n262144-b09-r0-p2-B;main-parallel8_linear_n262144-b09-r0-p3-B;main-parallel8_linear_n262144-b09-r0-p4-A,13.088986728230854,13.020363536470324,-0.06862319176052978,0.9336784315286333
main,parallel8_linear_n262144,10,0,ABBA,VALID,,main-parallel8_linear_n262144-b10-r0-p1-A;main-parallel8_linear_n262144-b10-r0-p2-B;main-parallel8_linear_n262144-b10-r0-p3-B;main-parallel8_linear_n262144-b10-r0-p4-A,12.505350198911184,13.045817829295515,0.540467630384331,1.7168095067892122
main,parallel8_linear_n262144,11,0,ABBA,VALID,,main-parallel8_linear_n262144-b11-r0-p1-A;main-parallel8_linear_n262144-b11-r0-p2-B;main-parallel8_linear_n262144-b11-r0-p3-B;main-parallel8_linear_n262144-b11-r0-p4-A,12.88521392422679,13.070271064101117,0.1850571398743277,1.2032871938424237
main,parallel8_linear_n262144,12,0,ABBA,VALID,,main-parallel8_linear_n262144-b12-r0-p1-A;main-parallel8_linear_n262144-b12-r0-p2-B;main-parallel8_linear_n262144-b12-r0-p3-B;main-parallel8_linear_n262144-b12-r0-p4-A,13.143527897835707,13.080103825731864,-0.06342407210384238,0.9385453783713823
main,parallel2_linear_n4194304,1,0,BAAB,VALID,,main-parallel2_linear_n4194304-b01-r0-p1-B;main-parallel2_linear_n4194304-b01-r0-p2-A;main-parallel2_linear_n4194304-b01-r0-p3-A;main-parallel2_linear_n4194304-b01-r0-p4-B,15.408756858828866,15.571163050126186,0.16240619129732004,1.1763379625344204
main,parallel2_linear_n4194304,2,0,BAAB,VALID,,main-parallel2_linear_n4194304-b02-r0-p1-B;main-parallel2_linear_n4194304-b02-r0-p2-A;main-parallel2_linear_n4194304-b02-r0-p3-A;main-parallel2_linear_n4194304-b02-r0-p4-B,15.590703311564111,15.521546503239206,-0.06915680832490523,0.933180338159025
main,parallel2_linear_n4194304,3,0,ABBA,VALID,,main-parallel2_linear_n4194304-b03-r0-p1-A;main-parallel2_linear_n4194304-b03-r0-p2-B;main-parallel2_linear_n4194304-b03-r0-p3-B;main-parallel2_linear_n4194304-b03-r0-p4-A,15.091309715014177,15.42268816157732,0.33137844656314286,1.3928868258069695
main,parallel2_linear_n4194304,4,0,BAAB,VALID,,main-parallel2_linear_n4194304-b04-r0-p1-B;main-parallel2_linear_n4194304-b04-r0-p2-A;main-parallel2_linear_n4194304-b04-r0-p3-A;main-parallel2_linear_n4194304-b04-r0-p4-B,15.512070977247868,15.496498178485444,-0.0155727987624239,0.9845478302791939
main,parallel2_linear_n4194304,5,0,BAAB,VALID,,main-parallel2_linear_n4194304-b05-r0-p1-B;main-parallel2_linear_n4194304-b05-r0-p2-A;main-parallel2_linear_n4194304-b05-r0-p3-A;main-parallel2_linear_n4194304-b05-r0-p4-B,15.36775577293949,15.405652915422884,0.03789714248339493,1.0386243970579916
main,parallel2_linear_n4194304,6,0,ABBA,VALID,,main-parallel2_linear_n4194304-b06-r0-p1-A;main-parallel2_linear_n4194304-b06-r0-p2-B;main-parallel2_linear_n4194304-b06-r0-p3-B;main-parallel2_linear_n4194304-b06-r0-p4-A,15.295824634822576,15.447737433926168,0.15191279910359157,1.1640587250419387
main,parallel2_linear_n4194304,7,0,ABBA,VALID,,main-parallel2_linear_n4194304-b07-r0-p1-A;main-parallel2_linear_n4194304-b07-r0-p2-B;main-parallel2_linear_n4194304-b07-r0-p3-B;main-parallel2_linear_n4194304-b07-r0-p4-A,15.517383023142436,15.567058083438068,0.04967506029563218,1.0509295521504023
main,parallel2_linear_n4194304,8,0,ABBA,VALID,,main-parallel2_linear_n4194304-b08-r0-p1-A;main-parallel2_linear_n4194304-b08-r0-p2-B;main-parallel2_linear_n4194304-b08-r0-p3-B;main-parallel2_linear_n4194304-b08-r0-p4-A,15.857925475159742,15.56623842792969,-0.29168704723005234,0.7470022758280596
main,parallel2_linear_n4194304,9,0,ABBA,VALID,,main-parallel2_linear_n4194304-b09-r0-p1-A;main-parallel2_linear_n4194304-b09-r0-p2-B;main-parallel2_linear_n4194304-b09-r0-p3-B;main-parallel2_linear_n4194304-b09-r0-p4-A,15.239041191734245,15.55860042582794,0.31955923409369547,1.3765209071196227
main,parallel2_linear_n4194304,10,0,BAAB,VALID,,main-parallel2_linear_n4194304-b10-r0-p1-B;main-parallel2_linear_n4194304-b10-r0-p2-A;main-parallel2_linear_n4194304-b10-r0-p3-A;main-parallel2_linear_n4194304-b10-r0-p4-B,15.213496884470015,15.386095466521239,0.17259858205122391,1.1883889686627287
main,parallel2_linear_n4194304,11,0,BAAB,VALID,,main-parallel2_linear_n4194304-b11-r0-p1-B;main-parallel2_linear_n4194304-b11-r0-p2-A;main-parallel2_linear_n4194304-b11-r0-p3-A;main-parallel2_linear_n4194304-b11-r0-p4-B,15.34629785680989,15.447047370088875,0.10074951327898418,1.1059995688578823
main,parallel2_linear_n4194304,12,0,ABBA,VALID,,main-parallel2_linear_n4194304-b12-r0-p1-A;main-parallel2_linear_n4194304-b12-r0-p2-B;main-parallel2_linear_n4194304-b12-r0-p3-B;main-parallel2_linear_n4194304-b12-r0-p4-A,15.455136644487208,15.452607281082287,-0.00252936340492127,0.997473832739391
main,parallel4_linear_n4194304,1,0,ABBA,VALID,,main-parallel4_linear_n4194304-b01-r0-p1-A;main-parallel4_linear_n4194304-b01-r0-p2-B;main-parallel4_linear_n4194304-b01-r0-p3-B;main-parallel4_linear_n4194304-b01-r0-p4-A,15.520834428244905,15.376449203224396,-0.14438522502050866,0.8655542506735935
main,parallel4_linear_n4194304,2,0,BAAB,VALID,,main-parallel4_linear_n4194304-b02-r0-p1-B;main-parallel4_linear_n4194304-b02-r0-p2-A;main-parallel4_linear_n4194304-b02-r0-p3-A;main-parallel4_linear_n4194304-b02-r0-p4-B,15.187629334335224,15.099848358916834,-0.08778097541839003,0.9159614728331423
main,parallel4_linear_n4194304,3,0,ABBA,VALID,,main-parallel4_linear_n4194304-b03-r0-p1-A;main-parallel4_linear_n4194304-b03-r0-p2-B;main-parallel4_linear_n4194304-b03-r0-p3-B;main-parallel4_linear_n4194304-b03-r0-p4-A,15.160371998684948,15.170314545071175,0.009942546386227491,1.0099921377189918
main,parallel4_linear_n4194304,4,0,BAAB,VALID,,main-parallel4_linear_n4194304-b04-r0-p1-B;main-parallel4_linear_n4194304-b04-r0-p2-A;main-parallel4_linear_n4194304-b04-r0-p3-A;main-parallel4_linear_n4194304-b04-r0-p4-B,15.685657532707303,15.13791125313794,-0.5477462795693633,0.5782515602947885
main,parallel4_linear_n4194304,5,0,ABBA,VALID,,main-parallel4_linear_n4194304-b05-r0-p1-A;main-parallel4_linear_n4194304-b05-r0-p2-B;main-parallel4_linear_n4194304-b05-r0-p3-B;main-parallel4_linear_n4194304-b05-r0-p4-A,15.34178784382724,15.150031031316946,-0.19175681251029353,0.8255075972036349
main,parallel4_linear_n4194304,6,0,BAAB,VALID,,main-parallel4_linear_n4194304-b06-r0-p1-B;main-parallel4_linear_n4194304-b06-r0-p2-A;main-parallel4_linear_n4194304-b06-r0-p3-A;main-parallel4_linear_n4194304-b06-r0-p4-B,15.359775180879593,15.209963763856642,-0.14981141702295098,0.860870306603495
main,parallel4_linear_n4194304,7,0,ABBA,VALID,,main-parallel4_linear_n4194304-b07-r0-p1-A;main-parallel4_linear_n4194304-b07-r0-p2-B;main-parallel4_linear_n4194304-b07-r0-p3-B;main-parallel4_linear_n4194304-b07-r0-p4-A,15.62923552042852,15.097016140635095,-0.5322193797934247,0.5873000802605636
main,parallel4_linear_n4194304,8,0,ABBA,VALID,,main-parallel4_linear_n4194304-b08-r0-p1-A;main-parallel4_linear_n4194304-b08-r0-p2-B;main-parallel4_linear_n4194304-b08-r0-p3-B;main-parallel4_linear_n4194304-b08-r0-p4-A,15.868225039182445,15.1295070066816,-0.7387180325008451,0.4777259522759204
main,parallel4_linear_n4194304,9,0,BAAB,VALID,,main-parallel4_linear_n4194304-b09-r0-p1-B;main-parallel4_linear_n4194304-b09-r0-p2-A;main-parallel4_linear_n4194304-b09-r0-p3-A;main-parallel4_linear_n4194304-b09-r0-p4-B,15.28744717254579,15.209520589190918,-0.07792658335487168,0.925032336821441
main,parallel4_linear_n4194304,10,0,ABBA,VALID,,main-parallel4_linear_n4194304-b10-r0-p1-A;main-parallel4_linear_n4194304-b10-r0-p2-B;main-parallel4_linear_n4194304-b10-r0-p3-B;main-parallel4_linear_n4194304-b10-r0-p4-A,15.197296041691798,15.208062734446838,0.010766692755039386,1.0108248621681035
main,parallel4_linear_n4194304,11,0,BAAB,VALID,,main-parallel4_linear_n4194304-b11-r0-p1-B;main-parallel4_linear_n4194304-b11-r0-p2-A;main-parallel4_linear_n4194304-b11-r0-p3-A;main-parallel4_linear_n4194304-b11-r0-p4-B,15.441974052631043,15.16004586028738,-0.2819281923436634,0.7543278491033037
main,parallel4_linear_n4194304,12,0,BAAB,VALID,,main-parallel4_linear_n4194304-b12-r0-p1-B;main-parallel4_linear_n4194304-b12-r0-p2-A;main-parallel4_linear_n4194304-b12-r0-p3-A;main-parallel4_linear_n4194304-b12-r0-p4-B,15.81896773672767,15.161413698333401,-0.6575540383942684,0.5181170803635886
main,parallel8_linear_n4194304,1,0,BAAB,VALID,,main-parallel8_linear_n4194304-b01-r0-p1-B;main-parallel8_linear_n4194304-b01-r0-p2-A;main-parallel8_linear_n4194304-b01-r0-p3-A;main-parallel8_linear_n4194304-b01-r0-p4-B,15.50031321823512,15.07134478875017,-0.42896842948495006,0.6511804869598847
main,parallel8_linear_n4194304,2,0,ABBA,VALID,,main-parallel8_linear_n4194304-b02-r0-p1-A;main-parallel8_linear_n4194304-b02-r0-p2-B;main-parallel8_linear_n4194304-b02-r0-p3-B;main-parallel8_linear_n4194304-b02-r0-p4-A,15.593227558350037,14.823935794811373,-0.7692917635386642,0.4633411071991196
main,parallel8_linear_n4194304,3,0,ABBA,VALID,,main-parallel8_linear_n4194304-b03-r0-p1-A;main-parallel8_linear_n4194304-b03-r0-p2-B;main-parallel8_linear_n4194304-b03-r0-p3-B;main-parallel8_linear_n4194304-b03-r0-p4-A,15.164000256163852,15.00321834700425,-0.16078190915960278,0.8514777503570983
main,parallel8_linear_n4194304,4,0,ABBA,VALID,,main-parallel8_linear_n4194304-b04-r0-p1-A;main-parallel8_linear_n4194304-b04-r0-p2-B;main-parallel8_linear_n4194304-b04-r0-p3-B;main-parallel8_linear_n4194304-b04-r0-p4-A,15.378580579376706,14.950608274392126,-0.4279723049845803,0.6518294669758921
main,parallel8_linear_n4194304,5,0,ABBA,VALID,,main-parallel8_linear_n4194304-b05-r0-p1-A;main-parallel8_linear_n4194304-b05-r0-p2-B;main-parallel8_linear_n4194304-b05-r0-p3-B;main-parallel8_linear_n4194304-b05-r0-p4-A,15.364659519794838,14.82680418158325,-0.5378553382115872,0.5839993914386337
main,parallel8_linear_n4194304,6,0,ABBA,VALID,,main-parallel8_linear_n4194304-b06-r0-p1-A;main-parallel8_linear_n4194304-b06-r0-p2-B;main-parallel8_linear_n4194304-b06-r0-p3-B;main-parallel8_linear_n4194304-b06-r0-p4-A,15.291147720106796,15.028851137811033,-0.2622965822957628,0.7692828342017063
main,parallel8_linear_n4194304,7,0,BAAB,VALID,,main-parallel8_linear_n4194304-b07-r0-p1-B;main-parallel8_linear_n4194304-b07-r0-p2-A;main-parallel8_linear_n4194304-b07-r0-p3-A;main-parallel8_linear_n4194304-b07-r0-p4-B,15.379810044542545,14.937057781499167,-0.4427522630433778,0.642266300478947
main,parallel8_linear_n4194304,8,0,BAAB,VALID,,main-parallel8_linear_n4194304-b08-r0-p1-B;main-parallel8_linear_n4194304-b08-r0-p2-A;main-parallel8_linear_n4194304-b08-r0-p3-A;main-parallel8_linear_n4194304-b08-r0-p4-B,15.454716864651392,14.899142690693504,-0.5555741739578881,0.5737427384648496
main,parallel8_linear_n4194304,9,0,BAAB,VALID,,main-parallel8_linear_n4194304-b09-r0-p1-B;main-parallel8_linear_n4194304-b09-r0-p2-A;main-parallel8_linear_n4194304-b09-r0-p3-A;main-parallel8_linear_n4194304-b09-r0-p4-B,15.269816013878089,14.990280125446347,-0.2795358884317416,0.7561345908435688
main,parallel8_linear_n4194304,10,0,BAAB,VALID,,main-parallel8_linear_n4194304-b10-r0-p1-B;main-parallel8_linear_n4194304-b10-r0-p2-A;main-parallel8_linear_n4194304-b10-r0-p3-A;main-parallel8_linear_n4194304-b10-r0-p4-B,15.785908413044288,15.088779623718988,-0.6971287893252995,0.49801315366453863
main,parallel8_linear_n4194304,11,0,ABBA,VALID,,main-parallel8_linear_n4194304-b11-r0-p1-A;main-parallel8_linear_n4194304-b11-r0-p2-B;main-parallel8_linear_n4194304-b11-r0-p3-B;main-parallel8_linear_n4194304-b11-r0-p4-A,15.387498817668007,15.056564188017486,-0.3309346296505211,0.7182521198980483
main,parallel8_linear_n4194304,12,0,BAAB,VALID,,main-parallel8_linear_n4194304-b12-r0-p1-B;main-parallel8_linear_n4194304-b12-r0-p2-A;main-parallel8_linear_n4194304-b12-r0-p3-A;main-parallel8_linear_n4194304-b12-r0-p4-B,15.759223725514296,14.80101648327669,-0.9582072422376058,0.38357993584158634
aa,aa_linear_n262144,1,0,ABBA,VALID,,aa-aa_linear_n262144-b01-r0-p1-A;aa-aa_linear_n262144-b01-r0-p2-B;aa-aa_linear_n262144-b01-r0-p3-B;aa-aa_linear_n262144-b01-r0-p4-A,12.511587233085947,13.139721177678314,0.628133944592367,1.8741101209298439
aa,aa_linear_n262144,2,0,BAAB,VALID,,aa-aa_linear_n262144-b02-r0-p1-B;aa-aa_linear_n262144-b02-r0-p2-A;aa-aa_linear_n262144-b02-r0-p3-A;aa-aa_linear_n262144-b02-r0-p4-B,13.107120931229007,12.462272173790772,-0.6448487574382344,0.5247418994144735
aa,aa_linear_n262144,3,0,ABBA,VALID,,aa-aa_linear_n262144-b03-r0-p1-A;aa-aa_linear_n262144-b03-r0-p2-B;aa-aa_linear_n262144-b03-r0-p3-B;aa-aa_linear_n262144-b03-r0-p4-A,12.433027938478146,13.1266393769981,0.6936114385199534,2.000928731488828
aa,aa_linear_n262144,4,0,ABBA,VALID,,aa-aa_linear_n262144-b04-r0-p1-A;aa-aa_linear_n262144-b04-r0-p2-B;aa-aa_linear_n262144-b04-r0-p3-B;aa-aa_linear_n262144-b04-r0-p4-A,12.489900083134561,13.11527074093682,0.6253706578022591,1.868938565725288
aa,aa_linear_n262144,5,0,BAAB,VALID,,aa-aa_linear_n262144-b05-r0-p1-B;aa-aa_linear_n262144-b05-r0-p2-A;aa-aa_linear_n262144-b05-r0-p3-A;aa-aa_linear_n262144-b05-r0-p4-B,13.15240441240865,13.074741295743397,-0.07766311666525283,0.925276084137253
aa,aa_linear_n262144,6,0,ABBA,VALID,,aa-aa_linear_n262144-b06-r0-p1-A;aa-aa_linear_n262144-b06-r0-p2-B;aa-aa_linear_n262144-b06-r0-p3-B;aa-aa_linear_n262144-b06-r0-p4-A,13.076950755314101,13.056711961975893,-0.02023879333820844,0.9799646363377955
aa,aa_linear_n262144,7,0,ABBA,VALID,,aa-aa_linear_n262144-b07-r0-p1-A;aa-aa_linear_n262144-b07-r0-p2-B;aa-aa_linear_n262144-b07-r0-p3-B;aa-aa_linear_n262144-b07-r0-p4-A,13.13680752440732,12.034617957968662,-1.1021895664386587,0.33214303768823533
aa,aa_linear_n262144,8,0,BAAB,VALID,,aa-aa_linear_n262144-b08-r0-p1-B;aa-aa_linear_n262144-b08-r0-p2-A;aa-aa_linear_n262144-b08-r0-p3-A;aa-aa_linear_n262144-b08-r0-p4-B,12.503365999421007,12.520932220350078,0.017566220929071008,1.0177214143769449
aa,aa_linear_n262144,9,0,BAAB,VALID,,aa-aa_linear_n262144-b09-r0-p1-B;aa-aa_linear_n262144-b09-r0-p2-A;aa-aa_linear_n262144-b09-r0-p3-A;aa-aa_linear_n262144-b09-r0-p4-B,12.46745598076391,13.124821659282507,0.6573656785185964,1.9297021768927551
aa,aa_linear_n262144,10,0,BAAB,VALID,,aa-aa_linear_n262144-b10-r0-p1-B;aa-aa_linear_n262144-b10-r0-p2-A;aa-aa_linear_n262144-b10-r0-p3-A;aa-aa_linear_n262144-b10-r0-p4-B,13.136418181407558,12.354471921259545,-0.7819462601480129,0.4575147015954459
aa,aa_linear_n262144,11,0,BAAB,VALID,,aa-aa_linear_n262144-b11-r0-p1-B;aa-aa_linear_n262144-b11-r0-p2-A;aa-aa_linear_n262144-b11-r0-p3-A;aa-aa_linear_n262144-b11-r0-p4-B,12.500655204985968,13.119390363613924,0.6187351586279561,1.8565782791031955
aa,aa_linear_n262144,12,0,ABBA,VALID,,aa-aa_linear_n262144-b12-r0-p1-A;aa-aa_linear_n262144-b12-r0-p2-B;aa-aa_linear_n262144-b12-r0-p3-B;aa-aa_linear_n262144-b12-r0-p4-A,11.843009812024107,12.455614190483804,0.6126043784596966,1.8452308257224548
